author,comment,published_at
@ThorOdinson1269,Buttcrack dandruff lmfao,2025-04-04T22:26:14Z
@jessekingsbury5002,I died laughing as soon as I saw dudes face😂😭 so happy you did a video on this show🩵,2025-04-04T22:24:40Z
@heinz_57sauce,i’m conquesting it,2025-04-04T22:04:46Z
@aninjablade77,GOONQUEST IS HILARIOUS LMAOOO,2025-04-04T21:57:55Z
@Aiden-h9h,I miss moon boy,2025-04-04T21:53:44Z
@Sleepy_Universe,"“SEA SALT, SEA SALT, I NEED YOU!?”🗣️🗣️🔥🔥🔥",2025-04-04T21:53:25Z
@nathanrisch5919,freakquest,2025-04-04T21:50:50Z
@kapitpak,"Cecil teleports for help seet on right side and with ""im lonely too"" starts telling his amazing stories",2025-04-04T21:37:42Z
@Qdude10,Poo dandruff LMFAO,2025-04-04T21:36:29Z
@felipeandrepangao,"""They haven’t been dirty yet?!"" That made me spit my saliva from laughing",2025-04-04T21:30:48Z
@drunkweebmarine9492,be my little switch hitter ... im dead,2025-04-04T21:26:51Z
@Patrickbatemanisnotsigma,I need a sequel to this,2025-04-04T21:21:09Z
@raeann445,:(,2025-04-04T21:21:07Z
@Gato.traumado64,There are fates worse than death,2025-04-04T21:18:55Z
@codenamecompton8689,"Best part about this, meatcanon watches invincible 💪",2025-04-04T21:05:37Z
@kylekyle7386,Do Snow White next ! Make sure she isn't 'as white as snow'. Rachel Zegler is gonna love it.,2025-04-04T21:03:01Z
@napalmjack,IM CONQUESTERBAITING IM CONQUESTERBAITING IM CONQUESTERBAITING,2025-04-04T21:01:49Z
@ViktorRotkiv-v1i,Cecil destroy my enemy and my life is yours.,2025-04-04T20:59:10Z
@harrywilson1660,"Meat Crayon, you've done it again!",2025-04-04T20:45:48Z
@sachinraghavan4556,Bruh you made Conquest 500 times more evil.,2025-04-04T20:42:52Z
@TommeZ,Glenn can't get a break lol,2025-04-04T20:40:47Z
@beplanking,"Ah yes, a cursed animation gets a cursed animation adaptation",2025-04-04T20:30:26Z
@owallo9432,""" HELP CECIL "" he waited to bring everyone to see Eve's cheeks out at the end.",2025-04-04T20:28:15Z
@Lovesgonnagetukilled,Better quality then the whole of season 2,2025-04-04T20:27:19Z
@Maziko_Lee,Nothing else will do 🤣🤣🤣,2025-04-04T20:24:57Z
@didledoo-v6v,this left me more traumatized than ANYTHING ive EVER watched in my entire friggin life,2025-04-04T20:17:04Z
@patrickyoung7435,He don’t believe in wiping 🤣🤣🤣,2025-04-04T20:11:33Z
@MasterMIND-.,I am Conquesting It,2025-04-04T19:50:22Z
@NOBARA_SANN,I feel bad for jerb.,2025-04-04T19:41:49Z
@froggboy,We are still waiting for you to do Snow White 🍎 @MeatCanyon,2025-04-04T19:40:55Z
@ventkatczinsky,"ironically, this is better animation than invincible.",2025-04-04T19:14:28Z
@Jaredthorson,SEA SALTTTT,2025-04-04T19:01:54Z
@RyanR69,Future stimpee edits bouta go crazy.,2025-04-04T18:41:48Z
@CRMSNEXCLBR,Cumquest is down bad 😅,2025-04-04T18:41:00Z
@Jufn-1,Head and shoulders!!!!,2025-04-04T18:37:04Z
@dallasowens5277,One of the funniest sickest videos yet,2025-04-04T18:21:05Z
@patocki4311,This made me feel very uneasy,2025-04-04T18:19:58Z
@forestflyr9940,Good lord now that's the good stuff!,2025-04-04T18:15:44Z
@crsmyth4428,Slow n Steady.... Wins the race,2025-04-04T18:10:10Z
@AlexTheHyena,"I'm still trying to understand what he says at the end, something about ketchup bottles lol",2025-04-04T18:04:21Z
@sasasoso1234,😂😂😂😂😂😂😂😂😂😂,2025-04-04T18:01:49Z
@Jurassic_E-zilla,Com on bro not invincible 😭,2025-04-04T17:58:47Z
@FkDtbUncool,"""Something feels a little off about this...""",2025-04-04T17:53:46Z
@noseinyosneakers,eve gets cucked simulator,2025-04-04T17:36:58Z
@NVDRRapeSquard,Twitter group chat,2025-04-04T17:30:23Z
@apathy6973,Mr. Canyon are you ok? 😫,2025-04-04T17:27:22Z
@gilbysstroem,Ugh. Sweet pops! Let me be your comfort boy,2025-04-04T17:13:51Z
@quinnlee-miller9792,"Papa meat, and I really mean this, what the fuck",2025-04-04T17:10:51Z
@Seraphim-h3q,"""Poo dandruff"" 🤯",2025-04-04T16:46:39Z
@DookieStains69,Ive heard enough get conquest in congress,2025-04-04T16:31:20Z
@Aleksej-o5d,This guy is a disgusting JESUS IS  GOD AMEN THIS MAN IS A DISGUSTING AND A TEISTED MIND  JESUS IS GODGOD JESUS CHRIST WILL SAVE U S AMEN,2025-04-04T16:25:26Z
@Arkstellar,"Seriously, man?",2025-04-04T16:14:30Z
@insecurecomb1822,DUUUUUUUUUUUDDDDDDE!!!!!!!!!!!!!! NO WAY!!!!!!,2025-04-04T15:57:36Z
@Hmpters,This was not 4 days ago…What?,2025-04-04T15:54:33Z
@Junibug7x,This is the funniest thing I've ever seen,2025-04-04T15:49:29Z
@jaidenwalker6512,We need Snow White done @meatcanyon,2025-04-04T15:41:54Z
@yaboifinni2091,0:43 fr though how do you think of shit like this 😂😂,2025-04-04T15:11:36Z
@FenTheRedDragon,"""...Take it to your grave, but I didn't say how soon you'd be in it.""",2025-04-04T15:10:17Z
@justbekind85,I love Mark and Eve 🤩😁,2025-04-04T15:00:33Z
@ryanbradshaw3813,This is my favorite one now. It eclipsed wabbit season,2025-04-04T14:51:39Z
@Nroolz,Peak MeatCanyon,2025-04-04T14:48:51Z
@ihavenoclue-69,Not my proudest nut.,2025-04-04T14:45:47Z
@Marcus-e4z1,Nahhhhh,2025-04-04T14:10:25Z
@zcckui,why does mark look like a failed abortion of a spider 😭✋,2025-04-04T13:55:37Z
@TyshawnThompson-v1z,Yeah this your big one 😭😭 I start calling for Cecil myself,2025-04-04T13:53:37Z
@Rangiku_has_big_babas,WTF,2025-04-04T13:47:40Z
@doodmcswood507,Could you release a version of this that includes the Eve-Beam obliterating Conquest so I can sleep at night again.,2025-04-04T13:42:08Z
@Glacierfrostv8,Speciaaaaal occasion,2025-04-04T12:56:15Z
@Genericwhitemale_,Which dimension is this one,2025-04-04T12:29:12Z
@KV-2-i6y,"это просто невероятно, вчера я впервые посмотрел все вышедшие серии этого мультфильма, и вот я включаю Юткб и вот мои рекомендации! 
Я начинаю верить что я нахожусь в ""Шоу Трумэна""",2025-04-04T12:26:37Z
@farokfarok8411,😂😂🥊,2025-04-04T12:07:29Z
@jess4728,"i haven't heard the phrase ""cotton panties"" since the dead zone episode of south park. although i'm sure that's intentional",2025-04-04T11:56:10Z
@autumnanxiety,Hey look... I'm a transwoman... say whatever you want to that... I don't care... it never ceases to amaze me how well meatcanyon knows the truth of that underbelly.. 😆,2025-04-04T11:44:18Z
@JoshDaMan-n1q,Mark can never catch a break bro,2025-04-04T11:14:56Z
@Records_arestillcoolNoah,CECIL! CECIL! I NEED YOU CECIL!,2025-04-04T11:08:59Z
@ntaentae6264,The ultimate gooner,2025-04-04T11:07:18Z
@ManEaterMark1-1,"""Stand ready steady aggressive Apple, for my Arrival birthday party""

-Conquest

Edit: ""If I don't get free appreciative likes, Then| Oh no I'm gonna not be alive!",2025-04-04T10:59:06Z
@dylan7f_,Truly this was the longest and shortest video I’ve ever watched ever…. That said…PART 2 PLEASE!!!,2025-04-04T10:53:58Z
@hamishracercool,Are you sure,2025-04-04T10:11:54Z
@QilfishPetrov,this HAPPENED in some dimension,2025-04-04T10:10:41Z
@FloorGarlic,conquesting it on a diff level lmao,2025-04-04T09:58:58Z
@tricejones4964,😭😭😭 My Siiides,2025-04-04T09:41:59Z
,This isnt as bad as what Anissa does to him later .,2025-04-04T08:48:40Z
@Asolariot,Funniest shit I've ever seen from meatcanyon,2025-04-04T08:40:03Z
@lashyndragon,"""I can only climax to Fortnite skins""

Same bro same",2025-04-04T08:38:09Z
@pixel__huh,They don't look like because they're meat canyon they just beat the shit out of eachother,2025-04-04T07:47:34Z
@unclecrabs1114,this is the hidden deleted scenes we never got from prime. Bezos you sly dirty dog.,2025-04-04T07:43:26Z
@EC-ol8nz,"This guy definitely messed the other multiverse Marks up 😮
Mark is like where are the Mauler twins please 😂",2025-04-04T07:37:34Z
@BadOG0810,The fact this released when I finished watching the entire show,2025-04-04T07:32:43Z
@antoniosanchez-qd4cg,The wiping one was crazy to me. I still can not Belive that there a some mf that don't wipe.,2025-04-04T07:28:26Z
@pand3rrr,Are you sure?,2025-04-04T07:10:21Z
@xChimkin,i neeed you sea salt,2025-04-04T06:58:23Z
@Sahnie-E,Meatcanyon's voice as conquest actually slaps,2025-04-04T06:58:18Z
@drunkin12Many,But what did he do to the ketchup bottles?,2025-04-04T06:51:20Z
@Maybe_Noahplayz,Peak cinema,2025-04-04T06:45:55Z
@legiongaming99,I hope they copyright this to make it officially canon,2025-04-04T06:36:41Z
@bamrosas1687,"FAAAK UUUU every time u breath spoiler channel.l. wtf, get a life",2025-04-04T06:36:08Z
@MrLuffy9131,This is one of those times where the source material is equally as disturbing lol,2025-04-04T06:34:14Z
@apollostudios7181,This shouldve been the real voice actor😂😂😂,2025-04-04T06:27:42Z
@jiggyjig-x1c,<--,2025-04-04T06:25:46Z
